,ds,trend,yhat_lower,yhat_upper,trend_lower,trend_upper,additive_terms,additive_terms_lower,additive_terms_upper,weekly,weekly_lower,weekly_upper,multiplicative_terms,multiplicative_terms_lower,multiplicative_terms_upper,yhat
0,2020-03-16,65.599459565668,-23.861259139037216,144.52203754847338,65.599459565668,65.599459565668,-5.86468472730286,-5.86468472730286,-5.86468472730286,-5.86468472730286,-5.86468472730286,-5.86468472730286,0.0,0.0,0.0,59.73477483836514
1,2020-03-17,67.39495038061956,-17.65629264032968,151.5256102755589,67.39495038061956,67.39495038061956,-2.383379579207038,-2.383379579207038,-2.383379579207038,-2.383379579207038,-2.383379579207038,-2.383379579207038,0.0,0.0,0.0,65.01157080141252
2,2020-03-18,69.19044119557113,-13.639273453793935,151.50546025795813,69.19044119557113,69.19044119557113,-3.494359992081305,-3.494359992081305,-3.494359992081305,-3.494359992081305,-3.494359992081305,-3.494359992081305,0.0,0.0,0.0,65.69608120348983
3,2020-03-19,70.98593201052269,-19.81306315061676,153.538134823231,70.98593201052269,70.98593201052269,-3.843578695301523,-3.843578695301523,-3.843578695301523,-3.843578695301523,-3.843578695301523,-3.843578695301523,0.0,0.0,0.0,67.14235331522117
4,2020-03-20,72.78142282547425,-24.310189371648313,154.30936514235648,72.78142282547425,72.78142282547425,-7.762546552088756,-7.762546552088756,-7.762546552088756,-7.762546552088756,-7.762546552088756,-7.762546552088756,0.0,0.0,0.0,65.0188762733855
5,2020-03-23,78.16789527032894,-6.625571875730707,159.4543257299422,78.16789527032894,78.16789527032894,-5.864684727295866,-5.864684727295866,-5.864684727295866,-5.864684727295866,-5.864684727295866,-5.864684727295866,0.0,0.0,0.0,72.30321054303307
6,2020-03-24,79.96338608528049,-9.36288601097284,165.78845489272211,79.96338608528049,79.96338608528049,-2.383379579187213,-2.383379579187213,-2.383379579187213,-2.383379579187213,-2.383379579187213,-2.383379579187213,0.0,0.0,0.0,77.58000650609328
7,2020-03-25,81.75887690023207,-9.148334871547537,162.5995401089571,81.75887690023207,81.75887690023207,-3.49435999207814,-3.49435999207814,-3.49435999207814,-3.49435999207814,-3.49435999207814,-3.49435999207814,0.0,0.0,0.0,78.26451690815392
8,2020-03-26,83.55436771518362,-10.170031468257292,172.30309625305446,83.55436771518362,83.55436771518362,-3.843578695318042,-3.843578695318042,-3.843578695318042,-3.843578695318042,-3.843578695318042,-3.843578695318042,0.0,0.0,0.0,79.71078901986557
9,2020-03-27,85.34985852923225,-9.64453739874988,165.2539789280192,85.34985852923225,85.34985852923225,-7.7625465520756745,-7.7625465520756745,-7.7625465520756745,-7.7625465520756745,-7.7625465520756745,-7.7625465520756745,0.0,0.0,0.0,77.58731197715657
10,2020-03-30,90.73633097137811,-2.949054567751665,174.34795551709843,90.73633097137811,90.73633097137811,-5.864684727288874,-5.864684727288874,-5.864684727288874,-5.864684727288874,-5.864684727288874,-5.864684727288874,0.0,0.0,0.0,84.87164624408923
11,2020-03-31,92.53182178542673,7.216786780089765,180.2847523132078,92.53182178542673,92.53182178542673,-2.383379579219281,-2.383379579219281,-2.383379579219281,-2.383379579219281,-2.383379579219281,-2.383379579219281,0.0,0.0,0.0,90.14844220620745
12,2020-04-01,94.32731259947536,7.82990445268968,170.8353336740049,94.32731259947536,94.32731259947536,-3.494359992079336,-3.494359992079336,-3.494359992079336,-3.494359992079336,-3.494359992079336,-3.494359992079336,0.0,0.0,0.0,90.83295260739602
13,2020-04-02,96.12280341352398,9.666105197823235,181.5060709374413,96.12280341352398,96.12280341352398,-3.8435786953168636,-3.8435786953168636,-3.8435786953168636,-3.8435786953168636,-3.8435786953168636,-3.8435786953168636,0.0,0.0,0.0,92.27922471820712
14,2020-04-03,97.9182942275726,4.520147701767612,173.20073776809411,97.9182942275726,97.9182942275726,-7.762546552080305,-7.762546552080305,-7.762546552080305,-7.762546552080305,-7.762546552080305,-7.762546552080305,0.0,0.0,0.0,90.1557476754923
15,2020-04-06,103.30476666971846,13.582427734550048,179.31409015344343,103.30476666971846,103.30476666971846,-5.864684727321714,-5.864684727321714,-5.864684727321714,-5.864684727321714,-5.864684727321714,-5.864684727321714,0.0,0.0,0.0,97.44008194239674
16,2020-04-07,105.10025748376708,19.68041580454775,191.7130044816727,105.10025748376708,105.10025748376708,-2.38337957921149,-2.38337957921149,-2.38337957921149,-2.38337957921149,-2.38337957921149,-2.38337957921149,0.0,0.0,0.0,102.71687790455559
17,2020-04-08,106.89574828671248,18.194497958492217,194.21685810763842,106.89574828671248,106.89574828671248,-3.4943599920787607,-3.4943599920787607,-3.4943599920787607,-3.4943599920787607,-3.4943599920787607,-3.4943599920787607,0.0,0.0,0.0,103.40138829463372
18,2020-04-09,108.69123908965786,23.058507629286744,189.4209005002323,108.69123908965786,108.69123908965786,-3.843578695324534,-3.843578695324534,-3.843578695324534,-3.843578695324534,-3.843578695324534,-3.843578695324534,0.0,0.0,0.0,104.84766039433332
19,2020-04-13,115.87320230143942,22.575870393533222,195.96016209642465,115.87320230143942,115.87320230143942,-5.864684727314722,-5.864684727314722,-5.864684727314722,-5.864684727314722,-5.864684727314722,-5.864684727314722,0.0,0.0,0.0,110.0085175741247
20,2020-04-14,117.6686931043848,31.19440593962629,201.47597102570666,117.6686931043848,117.6686931043848,-2.383379579203698,-2.383379579203698,-2.383379579203698,-2.383379579203698,-2.383379579203698,-2.383379579203698,0.0,0.0,0.0,115.2853135251811
21,2020-04-15,119.4641839073302,27.005927729390947,205.06172809397987,119.4641839073302,119.4641839073302,-3.494359992079954,-3.494359992079954,-3.494359992079954,-3.494359992079954,-3.494359992079954,-3.494359992079954,0.0,0.0,0.0,115.96982391525025
22,2020-04-16,121.2596747102756,32.71471773636491,200.83584029515072,121.2596747102756,121.2596747102756,-3.8435786953010553,-3.8435786953010553,-3.8435786953010553,-3.8435786953010553,-3.8435786953010553,-3.8435786953010553,0.0,0.0,0.0,117.41609601497454
23,2020-04-17,123.05516551322098,29.727328815808473,198.8114370315099,123.05516551322098,123.05516551322098,-7.762546552054143,-7.762546552054143,-7.762546552054143,-7.762546552054143,-7.762546552054143,-7.762546552054143,0.0,0.0,0.0,115.29261896116684
24,2020-04-20,128.44163792205717,36.74158216259424,205.54380715270858,128.44163792205717,128.44163792205717,-5.864684727327645,-5.864684727327645,-5.864684727327645,-5.864684727327645,-5.864684727327645,-5.864684727327645,0.0,0.0,0.0,122.57695319472953
25,2020-04-21,130.23712884312036,43.3767373570745,212.96564703563757,130.23712884312036,130.23712884312036,-2.383379579223733,-2.383379579223733,-2.383379579223733,-2.383379579223733,-2.383379579223733,-2.383379579223733,0.0,0.0,0.0,127.85374926389663
26,2020-04-22,132.03261976418358,47.09675739758689,213.77092208778234,132.03261976418358,132.03261976418358,-3.494359992079381,-3.494359992079381,-3.494359992079381,-3.494359992079381,-3.494359992079381,-3.494359992079381,0.0,0.0,0.0,128.5382597721042
27,2020-04-23,133.8281106852468,41.24516023868227,217.98205093352342,133.8281106852468,133.8281106852468,-3.8435786953087256,-3.8435786953087256,-3.8435786953087256,-3.8435786953087256,-3.8435786953087256,-3.8435786953087256,0.0,0.0,0.0,129.98453198993806
28,2020-04-24,135.62360160631,42.30209407326392,209.33343324726562,135.62360160631,135.62360160631,-7.762546552058772,-7.762546552058772,-7.762546552058772,-7.762546552058772,-7.762546552058772,-7.762546552058772,0.0,0.0,0.0,127.86105505425121
29,2020-04-27,141.01007436949962,48.47658605605495,214.36485321643778,141.01007436949962,141.01007436949962,-5.864684727294363,-5.864684727294363,-5.864684727294363,-5.864684727294363,-5.864684727294363,-5.864684727294363,0.0,0.0,0.0,135.14538964220526
30,2020-04-28,142.8055652905628,50.959082137398866,231.27085635963232,142.8055652905628,142.8055652905628,-2.3833795792159402,-2.3833795792159402,-2.3833795792159402,-2.3833795792159402,-2.3833795792159402,-2.3833795792159402,0.0,0.0,0.0,140.42218571134688
31,2020-04-29,144.60105621162603,53.376689762049025,226.5680200462734,144.60105621162603,144.60105621162603,-3.4943599920823423,-3.4943599920823423,-3.4943599920823423,-3.4943599920823423,-3.4943599920823423,-3.4943599920823423,0.0,0.0,0.0,141.1066962195437
32,2020-04-30,146.39654713268925,58.43024708206617,230.61262578311445,146.39654713268925,146.39654713268925,-3.843578695307547,-3.843578695307547,-3.843578695307547,-3.843578695307547,-3.843578695307547,-3.843578695307547,0.0,0.0,0.0,142.5529684373817
33,2020-05-01,148.19203803861618,47.11351534640488,221.26305588336103,148.19203803861618,148.19203803861618,-7.762546552077818,-7.762546552077818,-7.762546552077818,-7.762546552077818,-7.762546552077818,-7.762546552077818,0.0,0.0,0.0,140.42949148653835
34,2020-05-04,153.57851075639704,61.71104343867233,236.10048724809323,153.57851075639704,153.57851075639704,-5.864684727307285,-5.864684727307285,-5.864684727307285,-5.864684727307285,-5.864684727307285,-5.864684727307285,0.0,0.0,0.0,147.71382602908974
35,2020-05-05,155.374001662324,70.55538408642785,239.54481201722024,155.374001662324,155.374001662324,-2.3833795792081487,-2.3833795792081487,-2.3833795792081487,-2.3833795792081487,-2.3833795792081487,-2.3833795792081487,0.0,0.0,0.0,152.99062208311585
36,2020-05-06,157.16949256825092,72.02781989853798,240.41886910547674,157.16949256825092,157.16949256825092,-3.4943599920817676,-3.4943599920817676,-3.4943599920817676,-3.4943599920817676,-3.4943599920817676,-3.4943599920817676,0.0,0.0,0.0,153.67513257616915
37,2020-05-07,158.96498347417784,61.65899651591488,239.0766449835706,158.96498347417784,158.96498347417784,-3.8435786953152173,-3.8435786953152173,-3.8435786953152173,-3.8435786953152173,-3.8435786953152173,-3.8435786953152173,0.0,0.0,0.0,155.12140477886263
38,2020-05-08,160.7604743801048,66.59671578456327,246.99265537005851,160.7604743801048,160.7604743801048,-7.762546552082449,-7.762546552082449,-7.762546552082449,-7.762546552082449,-7.762546552082449,-7.762546552082449,0.0,0.0,0.0,152.99792782802234
39,2020-05-11,166.14694709788563,71.75837259825492,243.4449487387198,166.14694709788563,166.14694709788563,-5.864684727300293,-5.864684727300293,-5.864684727300293,-5.864684727300293,-5.864684727300293,-5.864684727300293,0.0,0.0,0.0,160.28226237058533
40,2020-05-12,167.94243800381258,74.29757803243854,246.17371489255433,167.94243800381258,167.94243800381258,-2.3833795792123897,-2.3833795792123897,-2.3833795792123897,-2.3833795792123897,-2.3833795792123897,-2.3833795792123897,0.0,0.0,0.0,165.55905842460018
41,2020-05-13,169.7379296771521,76.39055079237599,254.73038911901796,169.7379296771521,169.7379296771521,-3.4943599920786026,-3.4943599920786026,-3.4943599920786026,-3.4943599920786026,-3.4943599920786026,-3.4943599920786026,0.0,0.0,0.0,166.24356968507348
42,2020-05-14,171.5334213504916,77.87958717548199,252.27427737655555,171.5334213504916,171.5334213504916,-3.8435786953140387,-3.8435786953140387,-3.8435786953140387,-3.8435786953140387,-3.8435786953140387,-3.8435786953140387,0.0,0.0,0.0,167.68984265517756
43,2020-05-15,173.32891302383112,83.26640449735515,252.9854584867751,173.32891302383112,173.32891302383112,-7.762546552069369,-7.762546552069369,-7.762546552069369,-7.762546552069369,-7.762546552069369,-7.762546552069369,0.0,0.0,0.0,165.56636647176174
44,2020-05-18,178.71538804384969,81.95897353653048,252.0920191800719,178.71538804384969,178.71538804384969,-5.864684727286927,-5.864684727286927,-5.864684727286927,-5.864684727286927,-5.864684727286927,-5.864684727286927,0.0,0.0,0.0,172.85070331656277
45,2020-05-19,180.51087971718923,89.8517544559531,264.3705020788226,180.51087971718923,180.51087971718923,-2.3833795792166317,-2.3833795792166317,-2.3833795792166317,-2.3833795792166317,-2.3833795792166317,-2.3833795792166317,0.0,0.0,0.0,178.1275001379726
46,2020-05-20,182.30637139052874,90.177761066592,263.88190159709245,182.30637139052874,182.30637139052874,-3.494359992079796,-3.494359992079796,-3.494359992079796,-3.494359992079796,-3.494359992079796,-3.494359992079796,0.0,0.0,0.0,178.81201139844893
47,2020-05-21,184.10186306386825,97.26073509687869,262.52234678424924,184.10186306386825,184.10186306386825,-3.843578695330557,-3.843578695330557,-3.843578695330557,-3.843578695330557,-3.843578695330557,-3.843578695330557,0.0,0.0,0.0,180.2582843685377
48,2020-05-22,185.89735473720776,97.27866951508324,264.56696277170136,185.89735473720776,185.89735473720776,-7.762546552056286,-7.762546552056286,-7.762546552056286,-7.762546552056286,-7.762546552056286,-7.762546552056286,0.0,0.0,0.0,178.13480818515148
49,2020-05-26,193.0793249749908,106.08367325451952,274.4674109611714,193.0793249749908,193.0793249749908,-2.38337957920884,-2.38337957920884,-2.38337957920884,-2.38337957920884,-2.38337957920884,-2.38337957920884,0.0,0.0,0.0,190.69594539578196
50,2020-05-27,194.87481753443652,106.23412580748644,279.2846321442927,194.87481753443652,194.87481753443652,-3.494359992080991,-3.494359992080991,-3.494359992080991,-3.494359992080991,-3.494359992080991,-3.494359992080991,0.0,0.0,0.0,191.38045754235551
51,2020-05-28,196.67031009388228,111.623831924322,282.79048061644625,196.67031009388228,196.67031009388228,-3.8435786953070776,-3.8435786953070776,-3.8435786953070776,-3.8435786953070776,-3.8435786953070776,-3.8435786953070776,0.0,0.0,0.0,192.8267313985752
52,2020-05-29,198.465802653328,109.78395513219168,275.3171327612509,198.465802653328,198.465802653328,-7.762546552093045,-7.762546552093045,-7.762546552093045,-7.762546552093045,-7.762546552093045,-7.762546552093045,0.0,0.0,0.0,190.70325610123496
53,2020-06-01,203.8522803316653,111.57926187889592,284.4283261109483,203.8522803316653,203.8522803316653,-5.864684727312774,-5.864684727312774,-5.864684727312774,-5.864684727312774,-5.864684727312774,-5.864684727312774,0.0,0.0,0.0,197.98759560435252
54,2020-06-02,205.647772891111,122.07234097551537,291.78319858293946,205.647772891111,205.647772891111,-2.3833795792010486,-2.3833795792010486,-2.3833795792010486,-2.3833795792010486,-2.3833795792010486,-2.3833795792010486,0.0,0.0,0.0,203.26439331190994
55,2020-06-03,207.44326545055677,122.90079036172055,295.8543056969155,207.44326545055677,207.44326545055677,-3.494359992080417,-3.494359992080417,-3.494359992080417,-3.494359992080417,-3.494359992080417,-3.494359992080417,0.0,0.0,0.0,203.94890545847636
56,2020-06-04,209.2387580100025,122.19995381344235,285.65619544672325,209.2387580100025,209.2387580100025,-3.843578695314748,-3.843578695314748,-3.843578695314748,-3.843578695314748,-3.843578695314748,-3.843578695314748,0.0,0.0,0.0,205.39517931468774
57,2020-06-05,211.0565948508915,110.63447907975099,298.25018679953087,211.0565948508915,211.0565948508915,-7.762546552097674,-7.762546552097674,-7.762546552097674,-7.762546552097674,-7.762546552097674,-7.762546552097674,0.0,0.0,0.0,203.29404829879385
58,2020-06-08,216.51010537355864,126.63447187290906,287.4942642204081,216.51010537355864,216.51010537355864,-5.8646847273057805,-5.8646847273057805,-5.8646847273057805,-5.8646847273057805,-5.8646847273057805,-5.8646847273057805,0.0,0.0,0.0,210.64542064625286
59,2020-06-09,218.32794221444766,131.69187396453108,297.5012534003266,218.32794221444766,218.32794221444766,-2.383379579221082,-2.383379579221082,-2.383379579221082,-2.383379579221082,-2.383379579221082,-2.383379579221082,0.0,0.0,0.0,215.9445626352266
60,2020-06-10,220.14577905533665,136.80858001427754,297.2030727890281,220.14577905533665,220.14577905533665,-3.494359992079843,-3.494359992079843,-3.494359992079843,-3.494359992079843,-3.494359992079843,-3.494359992079843,0.0,0.0,0.0,216.6514190632568
61,2020-06-11,221.96361589622572,127.57629046767404,308.2706358311633,221.96361589622572,221.96361589622572,-3.8435786953135698,-3.8435786953135698,-3.8435786953135698,-3.8435786953135698,-3.8435786953135698,-3.8435786953135698,0.0,0.0,0.0,218.12003720091215
62,2020-06-12,223.78145273711473,134.9412385357911,302.9168537306972,223.78145273711473,223.78145273711473,-7.762546552066881,-7.762546552066881,-7.762546552066881,-7.762546552066881,-7.762546552066881,-7.762546552066881,0.0,0.0,0.0,216.01890618504785
63,2020-06-15,229.2349632597818,140.75793803189072,307.39061920400053,229.2349632597818,229.2349632597818,-5.864684727318706,-5.864684727318706,-5.864684727318706,-5.864684727318706,-5.864684727318706,-5.864684727318706,0.0,0.0,0.0,223.3702785324631
64,2020-06-16,231.05280010067085,147.13913285287703,313.85494250944436,231.05280010067085,231.05280010067085,-2.3833795792253256,-2.3833795792253256,-2.3833795792253256,-2.3833795792253256,-2.3833795792253256,-2.3833795792253256,0.0,0.0,0.0,228.66942052144552
65,2020-06-17,232.92592889605092,145.12819171599614,314.4122690308105,232.92592889605092,232.92592889605092,-3.494359992081037,-3.494359992081037,-3.494359992081037,-3.494359992081037,-3.494359992081037,-3.494359992081037,0.0,0.0,0.0,229.4315689039699
66,2020-06-18,234.79905769143102,154.1318097830105,316.742204976097,234.79905769143102,234.79905769143102,-3.843578695321239,-3.843578695321239,-3.843578695321239,-3.843578695321239,-3.843578695321239,-3.843578695321239,0.0,0.0,0.0,230.95547899610978
67,2020-06-19,236.67218648681114,148.75834250338085,318.87749022344764,236.67218648681114,236.67218648681114,-7.7625465520715125,-7.7625465520715125,-7.7625465520715125,-7.7625465520715125,-7.7625465520715125,-7.7625465520715125,0.0,0.0,0.0,228.90963993473963
68,2020-06-22,242.29157287295146,150.83470770510792,323.00943806512134,242.29157287295146,242.29157287295146,-5.864684727311713,-5.864684727311713,-5.864684727311713,-5.864684727311713,-5.864684727311713,-5.864684727311713,0.0,0.0,0.0,236.42688814563974
69,2020-06-23,244.16470166833156,155.71245618525322,322.47404867089057,244.16470166833156,244.16470166833156,-2.3833795792054993,-2.3833795792054993,-2.3833795792054993,-2.3833795792054993,-2.3833795792054993,-2.3833795792054993,0.0,0.0,0.0,241.78132208912606
70,2020-06-24,246.03783046371169,155.45015196413803,332.20059623500003,246.03783046371169,246.03783046371169,-3.4943599920822304,-3.4943599920822304,-3.4943599920822304,-3.4943599920822304,-3.4943599920822304,-3.4943599920822304,0.0,0.0,0.0,242.54347047162946
71,2020-06-25,247.91095925909178,155.4871221244522,325.0046376741015,247.91095925909178,247.91095925909178,-3.843578695297761,-3.843578695297761,-3.843578695297761,-3.843578695297761,-3.843578695297761,-3.843578695297761,0.0,0.0,0.0,244.06738056379402
72,2020-06-26,249.78408805447185,157.12665326167607,326.27037105386285,249.78408805447185,249.78408805447185,-7.76254655205843,-7.76254655205843,-7.76254655205843,-7.76254655205843,-7.76254655205843,-7.76254655205843,0.0,0.0,0.0,242.0215415024134
73,2020-06-29,255.56754645204686,155.76415246724156,334.3015310986938,255.56754645204686,255.56754645204686,-5.8646847273246365,-5.8646847273246365,-5.8646847273246365,-5.8646847273246365,-5.8646847273246365,-5.8646847273246365,0.0,0.0,0.0,249.70286172472223
74,2020-06-30,257.49536591790525,168.9623873081543,337.9250388383791,257.49536591790525,257.49536591790525,-2.3833795792097416,-2.3833795792097416,-2.3833795792097416,-2.3833795792097416,-2.3833795792097416,-2.3833795792097416,0.0,0.0,0.0,255.11198633869552
75,2020-07-01,259.4231853837635,173.3774929318126,339.0210546911688,259.4231853837635,259.4231853837635,-3.4943599920808333,-3.4943599920808333,-3.4943599920808333,-3.4943599920808333,-3.4943599920808333,-3.4943599920808333,0.0,0.0,0.0,255.92882539168266
76,2020-07-02,261.35100484962186,168.04134400408526,342.2462837062977,261.35100484962186,261.35100484962186,-3.8435786953054314,-3.8435786953054314,-3.8435786953054314,-3.8435786953054314,-3.8435786953054314,-3.8435786953054314,0.0,0.0,0.0,257.5074261543164
77,2020-07-06,269.0622827130552,177.66357012375354,347.37556349210706,269.0622827130552,269.0622827130552,-5.864684727291354,-5.864684727291354,-5.864684727291354,-5.864684727291354,-5.864684727291354,-5.864684727291354,0.0,0.0,0.0,263.1975979857638
78,2020-07-07,270.9901021789135,192.42852435952557,352.79999926427536,270.9901021789135,270.9901021789135,-2.3833795792019483,-2.3833795792019483,-2.3833795792019483,-2.3833795792019483,-2.3833795792019483,-2.3833795792019483,0.0,0.0,0.0,268.60672259971153
79,2020-07-08,272.9179216447718,179.23897798246364,350.3804312464239,272.9179216447718,272.9179216447718,-3.4943599920802604,-3.4943599920802604,-3.4943599920802604,-3.4943599920802604,-3.4943599920802604,-3.4943599920802604,0.0,0.0,0.0,269.42356165269155
80,2020-07-09,274.8457411106302,187.6708636083347,352.4633216013774,274.8457411106302,274.8457411106302,-3.843578695304253,-3.843578695304253,-3.843578695304253,-3.843578695304253,-3.843578695304253,-3.843578695304253,0.0,0.0,0.0,271.0021624153259
81,2020-07-10,276.7811315934992,189.40903506901034,351.47341858803105,276.7811315934992,276.7811315934992,-7.7625465520499795,-7.7625465520499795,-7.7625465520499795,-7.7625465520499795,-7.7625465520499795,-7.7625465520499795,0.0,0.0,0.0,269.0185850414492
82,2020-07-13,282.5873030421063,186.46618637047524,360.0918940351722,282.5873030421063,282.5873030421063,-5.864684727304277,-5.864684727304277,-5.864684727304277,-5.864684727304277,-5.864684727304277,-5.864684727304277,0.0,0.0,0.0,276.72261831480205
83,2020-07-14,284.52269352497535,192.36380578548895,364.13429435986114,284.52269352497535,284.52269352497535,-2.3833795792061903,-2.3833795792061903,-2.3833795792061903,-2.3833795792061903,-2.3833795792061903,-2.3833795792061903,0.0,0.0,0.0,282.1393139457692
84,2020-07-15,286.45808400784443,192.1069170456192,367.436860856762,286.45808400784443,286.45808400784443,-3.494359992081452,-3.494359992081452,-3.494359992081452,-3.494359992081452,-3.494359992081452,-3.494359992081452,0.0,0.0,0.0,282.963724015763
85,2020-07-16,288.39347449071346,198.59360081121602,374.6000886689852,288.39347449071346,288.39347449071346,-3.843578695320771,-3.843578695320771,-3.843578695320771,-3.843578695320771,-3.843578695320771,-3.843578695320771,0.0,0.0,0.0,284.5498957953927
86,2020-07-17,290.3288649735825,194.11389977039343,362.88050083636784,290.3288649735825,290.3288649735825,-7.762546552086738,-7.762546552086738,-7.762546552086738,-7.762546552086738,-7.762546552086738,-7.762546552086738,0.0,0.0,0.0,282.56631842149574
87,2020-07-20,296.13503642218956,206.6430552066417,378.20777033057357,296.13503642218956,296.13503642218956,-5.864684727297283,-5.864684727297283,-5.864684727297283,-5.864684727297283,-5.864684727297283,-5.864684727297283,0.0,0.0,0.0,290.27035169489227
88,2020-07-21,298.07042690505864,206.95372812370715,382.0231845333868,298.07042690505864,298.07042690505864,-2.3833795791983987,-2.3833795791983987,-2.3833795791983987,-2.3833795791983987,-2.3833795791983987,-2.3833795791983987,0.0,0.0,0.0,295.68704732586025
89,2020-07-22,300.0058216852003,215.32731607618436,383.98834541602105,300.0058216852003,300.0058216852003,-3.4943599920765225,-3.4943599920765225,-3.4943599920765225,-3.4943599920765225,-3.4943599920765225,-3.4943599920765225,0.0,0.0,0.0,296.5114616931238
90,2020-07-23,301.94121646534194,215.52795214037715,381.84023623240176,301.94121646534194,301.94121646534194,-3.8435786953195934,-3.8435786953195934,-3.8435786953195934,-3.8435786953195934,-3.8435786953195934,-3.8435786953195934,0.0,0.0,0.0,298.09763777002235
91,2020-07-24,303.8766112454836,216.6324097056154,385.73745785568826,303.8766112454836,303.8766112454836,-7.762546552073655,-7.762546552073655,-7.762546552073655,-7.762546552073655,-7.762546552073655,-7.762546552073655,0.0,0.0,0.0,296.11406469340994
92,2020-07-27,309.68279558590865,218.50314493818163,388.24223942308345,309.68279558590865,309.68279558590865,-5.864684727330125,-5.864684727330125,-5.864684727330125,-5.864684727330125,-5.864684727330125,-5.864684727330125,0.0,0.0,0.0,303.8181108585785
93,2020-07-28,311.6181903660503,222.5989087087739,390.49267683308966,311.6181903660503,311.6181903660503,-2.3833795792064003,-2.3833795792064003,-2.3833795792064003,-2.3833795792064003,-2.3833795792064003,-2.3833795792064003,0.0,0.0,0.0,309.2348107868439
94,2020-07-29,313.55358514619195,228.36466337592478,400.31409019108247,313.55358514619195,313.55358514619195,-3.494359992079482,-3.494359992079482,-3.494359992079482,-3.494359992079482,-3.494359992079482,-3.494359992079482,0.0,0.0,0.0,310.0592251541125
95,2020-07-30,315.4889799263337,227.6522227455175,404.19632508255273,315.4889799263337,315.4889799263337,-3.8435786953184143,-3.8435786953184143,-3.8435786953184143,-3.8435786953184143,-3.8435786953184143,-3.8435786953184143,0.0,0.0,0.0,311.6454012310153
96,2020-07-31,317.4243747064753,222.47808938230799,396.8504584639651,317.4243747064753,317.4243747064753,-7.762546552078287,-7.762546552078287,-7.762546552078287,-7.762546552078287,-7.762546552078287,-7.762546552078287,0.0,0.0,0.0,309.661828154397
97,2020-08-03,323.230611565414,227.69674600330063,397.9978165072805,323.230611565414,323.230611565414,-5.864684727323131,-5.864684727323131,-5.864684727323131,-5.864684727323131,-5.864684727323131,-5.864684727323131,0.0,0.0,0.0,317.36592683809084
98,2020-08-04,325.16602385172683,236.67161810015375,409.00904035431466,325.16602385172683,325.16602385172683,-2.3833795791986065,-2.3833795791986065,-2.3833795791986065,-2.3833795791986065,-2.3833795791986065,-2.3833795791986065,0.0,0.0,0.0,322.7826442725282
99,2020-08-05,327.10143613803973,236.3303476730487,401.67390054105397,327.10143613803973,327.10143613803973,-3.494359992078909,-3.494359992078909,-3.494359992078909,-3.494359992078909,-3.494359992078909,-3.494359992078909,0.0,0.0,0.0,323.60707614596083
100,2020-08-06,329.03684842435257,236.83357046063472,405.40348014897916,329.03684842435257,329.03684842435257,-3.8435786953260846,-3.8435786953260846,-3.8435786953260846,-3.8435786953260846,-3.8435786953260846,-3.8435786953260846,0.0,0.0,0.0,325.1932697290265
101,2020-08-07,330.97226071066547,235.9967084223182,409.0519938932281,330.97226071066547,330.97226071066547,-7.762546552047493,-7.762546552047493,-7.762546552047493,-7.762546552047493,-7.762546552047493,-7.762546552047493,0.0,0.0,0.0,323.209714158618
102,2020-08-10,336.7784975696041,245.7162314085533,415.9577523833616,336.7784975696041,336.7784975696041,-5.864684727316138,-5.864684727316138,-5.864684727316138,-5.864684727316138,-5.864684727316138,-5.864684727316138,0.0,0.0,0.0,330.91381284228794
103,2020-08-11,338.713909855917,241.29452607474596,426.3820617827277,338.713909855917,338.713909855917,-2.3833795792028507,-2.3833795792028507,-2.3833795792028507,-2.3833795792028507,-2.3833795792028507,-2.3833795792028507,0.0,0.0,0.0,336.33053027671417
104,2020-08-12,340.6493229046081,249.5598070573715,425.24111369105105,340.6493229046081,340.6493229046081,-3.4943599920801023,-3.4943599920801023,-3.4943599920801023,-3.4943599920801023,-3.4943599920801023,-3.4943599920801023,0.0,0.0,0.0,337.154962912528
105,2020-08-13,342.5847359532992,252.84495246509536,421.7422534200791,342.5847359532992,342.5847359532992,-3.8435786952937576,-3.8435786952937576,-3.8435786952937576,-3.8435786952937576,-3.8435786952937576,-3.8435786952937576,0.0,0.0,0.0,338.7411572580054
106,2020-08-14,344.52014900199026,248.1390428605301,429.7379356609075,344.52014900199026,344.52014900199026,-7.762546552101962,-7.762546552101962,-7.762546552101962,-7.762546552101962,-7.762546552101962,-7.762546552101962,0.0,0.0,0.0,336.7576024498883
107,2020-08-17,350.3263881480636,256.62890691055105,435.82033743855965,350.3263881480636,350.3263881480636,-5.864684727329063,-5.864684727329063,-5.864684727329063,-5.864684727329063,-5.864684727329063,-5.864684727329063,0.0,0.0,0.0,344.4617034207345
108,2020-08-18,352.26180119675473,261.1727565390198,439.15013624665886,352.26180119675473,352.26180119675473,-2.383379579222885,-2.383379579222885,-2.383379579222885,-2.383379579222885,-2.383379579222885,-2.383379579222885,0.0,0.0,0.0,349.87842161753184
109,2020-08-19,354.19721424544576,266.16316088756184,432.42856704699426,354.19721424544576,354.19721424544576,-3.4943599920812964,-3.4943599920812964,-3.4943599920812964,-3.4943599920812964,-3.4943599920812964,-3.4943599920812964,0.0,0.0,0.0,350.7028542533645
110,2020-08-20,356.1326272941369,264.31839279083925,439.22697226757117,356.1326272941369,356.1326272941369,-3.843578695310276,-3.843578695310276,-3.843578695310276,-3.843578695310276,-3.843578695310276,-3.843578695310276,0.0,0.0,0.0,352.28904859882664
111,2020-08-21,358.068040342828,267.81077412666673,434.7911446752435,358.068040342828,358.068040342828,-7.762546552071169,-7.762546552071169,-7.762546552071169,-7.762546552071169,-7.762546552071169,-7.762546552071169,0.0,0.0,0.0,350.3054937907568
112,2020-08-24,363.87427989985304,272.98317851794604,446.3819838794522,363.87427989985304,363.87427989985304,-5.864684727275862,-5.864684727275862,-5.864684727275862,-5.864684727275862,-5.864684727275862,-5.864684727275862,0.0,0.0,0.0,358.0095951725772
113,2020-08-25,365.80969308552807,276.6059661325625,453.37763999104556,365.80969308552807,365.80969308552807,-2.383379579227126,-2.383379579227126,-2.383379579227126,-2.383379579227126,-2.383379579227126,-2.383379579227126,0.0,0.0,0.0,363.4263135063009
114,2020-08-26,367.74510627120304,283.6560187274873,442.3159099479868,367.74510627120304,367.74510627120304,-3.4943599920824893,-3.4943599920824893,-3.4943599920824893,-3.4943599920824893,-3.4943599920824893,-3.4943599920824893,0.0,0.0,0.0,364.25074627912056
115,2020-08-27,369.680519456878,276.86010319586444,448.22324700780126,369.680519456878,369.680519456878,-3.8435786953090982,-3.8435786953090982,-3.8435786953090982,-3.8435786953090982,-3.8435786953090982,-3.8435786953090982,0.0,0.0,0.0,365.83694076156894
116,2020-08-28,371.61593264255305,283.00111666878837,453.1481929046407,371.61593264255305,371.61593264255305,-7.7625465520758,-7.7625465520758,-7.7625465520758,-7.7625465520758,-7.7625465520758,-7.7625465520758,0.0,0.0,0.0,363.8533860904773
117,2020-08-31,377.42217219957803,288.0773135340532,463.68066965099115,377.42217219957803,377.42217219957803,-5.864684727328618,-5.864684727328618,-5.864684727328618,-5.864684727328618,-5.864684727328618,-5.864684727328618,0.0,0.0,0.0,371.5574874722494
118,2020-09-01,379.35758538525306,292.64416898950503,467.4609111864689,379.35758538525306,379.35758538525306,-2.3833795792073023,-2.3833795792073023,-2.3833795792073023,-2.3833795792073023,-2.3833795792073023,-2.3833795792073023,0.0,0.0,0.0,376.97420580604575
119,2020-09-02,381.29299857092803,291.6215196107858,465.73631988656257,381.29299857092803,381.29299857092803,-3.4943599920819146,-3.4943599920819146,-3.4943599920819146,-3.4943599920819146,-3.4943599920819146,-3.4943599920819146,0.0,0.0,0.0,377.7986385788461
120,2020-09-03,383.2284118404728,292.3584855295858,457.68031327678904,383.2284118404728,383.2284118404728,-3.8435786953167685,-3.8435786953167685,-3.8435786953167685,-3.8435786953167685,-3.8435786953167685,-3.8435786953167685,0.0,0.0,0.0,379.38483314515605
121,2020-09-04,385.1638251100177,292.3297940626649,464.59103525955334,385.1638251100177,385.1638251100177,-7.762546552080431,-7.762546552080431,-7.762546552080431,-7.762546552080431,-7.762546552080431,-7.762546552080431,0.0,0.0,0.0,377.40127855793725
122,2020-09-08,392.905478188197,304.27306556402084,479.42305011909195,392.905478188197,392.905478188197,-2.383379579211544,-2.383379579211544,-2.383379579211544,-2.383379579211544,-2.383379579211544,-2.383379579211544,0.0,0.0,0.0,390.52209860898546
123,2020-09-09,394.8408914577418,302.33370919771716,472.72411387676607,394.8408914577418,394.8408914577418,-3.4943599920787514,-3.4943599920787514,-3.4943599920787514,-3.4943599920787514,-3.4943599920787514,-3.4943599920787514,0.0,0.0,0.0,391.3465314656631
124,2020-09-10,396.77630472728663,306.941307992403,478.21299364783374,396.77630472728663,396.77630472728663,-3.8435786952932887,-3.8435786952932887,-3.8435786952932887,-3.8435786952932887,-3.8435786952932887,-3.8435786952932887,0.0,0.0,0.0,392.93272603199335
125,2020-09-11,398.71171799683145,304.9438473256174,480.15037414768517,398.71171799683145,398.71171799683145,-7.762546552049637,-7.762546552049637,-7.762546552049637,-7.762546552049637,-7.762546552049637,-7.762546552049637,0.0,0.0,0.0,390.9491714447818
126,2020-09-14,404.5179578054659,312.43977715417435,492.4387668683883,404.5179578054659,404.5179578054659,-5.864684727288343,-5.864684727288343,-5.864684727288343,-5.864684727288343,-5.864684727288343,-5.864684727288343,0.0,0.0,0.0,398.65327307817756
127,2020-09-15,406.4533710750108,324.27650029029087,493.99501462069344,406.4533710750108,406.4533710750108,-2.383379579215785,-2.383379579215785,-2.383379579215785,-2.383379579215785,-2.383379579215785,-2.383379579215785,0.0,0.0,0.0,404.069991495795
128,2020-09-16,408.38878468172726,319.7742454061757,490.48474635276375,408.38878468172726,408.38878468172726,-3.4943599920781785,-3.4943599920781785,-3.4943599920781785,-3.4943599920781785,-3.4943599920781785,-3.4943599920781785,0.0,0.0,0.0,404.8944246896491
129,2020-09-17,410.32419828844365,320.849196630829,489.7875174128457,410.32419828844365,410.32419828844365,-3.843578695300959,-3.843578695300959,-3.843578695300959,-3.843578695300959,-3.843578695300959,-3.843578695300959,0.0,0.0,0.0,406.4806195931427
130,2020-09-18,412.25961189516005,317.21930584198634,487.7837558650314,412.25961189516005,412.25961189516005,-7.762546552054268,-7.762546552054268,-7.762546552054268,-7.762546552054268,-7.762546552054268,-7.762546552054268,0.0,0.0,0.0,404.49706534310576
131,2020-09-21,418.06585271530935,324.08739589824523,503.535382324414,418.06585271530935,418.06585271530935,-5.864684727281349,-5.864684727281349,-5.864684727281349,-5.864684727281349,-5.864684727281349,-5.864684727281349,0.0,0.0,0.0,412.201167988028
132,2020-09-22,420.0012663220258,324.44689405063997,505.0501391814317,420.0012663220258,420.0012663220258,-2.383379579195958,-2.383379579195958,-2.383379579195958,-2.383379579195958,-2.383379579195958,-2.383379579195958,0.0,0.0,0.0,417.61788674282985
133,2020-09-23,421.93667992874225,329.7035497698695,502.44134464039826,421.93667992874225,421.93667992874225,-3.494359992081139,-3.494359992081139,-3.494359992081139,-3.494359992081139,-3.494359992081139,-3.494359992081139,0.0,0.0,0.0,418.44231993666114
134,2020-09-24,423.87209353545865,331.75753408832816,508.80522450209264,423.87209353545865,423.87209353545865,-3.8435786953086284,-3.8435786953086284,-3.8435786953086284,-3.8435786953086284,-3.8435786953086284,-3.8435786953086284,0.0,0.0,0.0,420.02851484015
135,2020-09-25,425.8075071421751,336.3407735353165,507.61346838397947,425.8075071421751,425.8075071421751,-7.762546552091026,-7.762546552091026,-7.762546552091026,-7.762546552091026,-7.762546552091026,-7.762546552091026,0.0,0.0,0.0,418.0449605900841
136,2020-09-28,431.8242313694551,340.89101273119667,511.4382372614755,431.8242313694551,431.8242313694551,-5.864684727294274,-5.864684727294274,-5.864684727294274,-5.864684727294274,-5.864684727294274,-5.864684727294274,0.0,0.0,0.0,425.95954664216083
137,2020-09-29,433.82980611188174,346.20247955064724,514.3787173565603,433.82980611188174,433.82980611188174,-2.3833795792002,-2.3833795792002,-2.3833795792002,-2.3833795792002,-2.3833795792002,-2.3833795792002,0.0,0.0,0.0,431.4464265326815
138,2020-09-30,435.83538085430837,342.97693266498345,517.7815523351942,435.83538085430837,435.83538085430837,-3.4943599920805637,-3.4943599920805637,-3.4943599920805637,-3.4943599920805637,-3.4943599920805637,-3.4943599920805637,0.0,0.0,0.0,432.3410208622278
139,2020-10-01,437.84095559673506,341.3735496630284,515.5233809996838,437.84095559673506,437.84095559673506,-3.8435786953162987,-3.8435786953162987,-3.8435786953162987,-3.8435786953162987,-3.8435786953162987,-3.8435786953162987,0.0,0.0,0.0,433.99737690141876
140,2020-10-02,439.84653033916175,342.47963645290275,516.0770707202555,439.84653033916175,439.84653033916175,-7.762546552095657,-7.762546552095657,-7.762546552095657,-7.762546552095657,-7.762546552095657,-7.762546552095657,0.0,0.0,0.0,432.0839837870661
141,2020-10-05,445.86325456644164,350.1820244718605,532.1532510845169,445.86325456644164,445.86325456644164,-5.864684727307198,-5.864684727307198,-5.864684727307198,-5.864684727307198,-5.864684727307198,-5.864684727307198,0.0,0.0,0.0,439.99856983913446
142,2020-10-06,447.86882930886844,356.13805450922956,528.015588433872,447.86882930886844,447.86882930886844,-2.3833795792202355,-2.3833795792202355,-2.3833795792202355,-2.3833795792202355,-2.3833795792202355,-2.3833795792202355,0.0,0.0,0.0,445.4854497296482
143,2020-10-07,449.87440405129496,363.1502177232474,537.8545204823736,449.87440405129496,449.87440405129496,-3.4943599920799913,-3.4943599920799913,-3.4943599920799913,-3.4943599920799913,-3.4943599920799913,-3.4943599920799913,0.0,0.0,0.0,446.380044059215
144,2020-10-08,452.024072422191,367.90390286157447,531.001897969045,452.024072422191,452.024072422191,-3.84357869531512,-3.84357869531512,-3.84357869531512,-3.84357869531512,-3.84357869531512,-3.84357869531512,0.0,0.0,0.0,448.1804937268759
145,2020-10-09,454.17374079308684,363.2238092517832,531.2771365591985,454.17374079308684,454.17374079308684,-7.762546552082576,-7.762546552082576,-7.762546552082576,-7.762546552082576,-7.762546552082576,-7.762546552082576,0.0,0.0,0.0,446.41119424100424
146,2020-10-12,460.62274590577493,372.1128288474631,544.7172126959865,460.62274590577493,460.62274590577493,-5.864684727320123,-5.864684727320123,-5.864684727320123,-5.864684727320123,-5.864684727320123,-5.864684727320123,0.0,0.0,0.0,454.7580611784548
147,2020-10-13,462.77241427667076,382.0967361969341,549.3451390479825,462.77241427667076,462.77241427667076,-2.3833795792244774,-2.3833795792244774,-2.3833795792244774,-2.3833795792244774,-2.3833795792244774,-2.3833795792244774,0.0,0.0,0.0,460.3890346974463
148,2020-10-14,464.92208264756675,378.7323045787313,549.2017662334154,464.92208264756675,464.92208264756675,-3.4943599920785937,-3.4943599920785937,-3.4943599920785937,-3.4943599920785937,-3.4943599920785937,-3.4943599920785937,0.0,0.0,0.0,461.42772265548814
149,2020-10-15,467.0717510184628,377.5970010055571,543.0376620709085,467.0717510184628,467.0717510184628,-3.843578695331639,-3.843578695331639,-3.843578695331639,-3.843578695331639,-3.843578695331639,-3.843578695331639,0.0,0.0,0.0,463.22817232313116
150,2020-10-16,469.22141938935863,373.11908872076896,539.9972814122457,469.22141938935863,469.22141938935863,-7.762546552069493,-7.762546552069493,-7.762546552069493,-7.762546552069493,-7.762546552069493,-7.762546552069493,0.0,0.0,0.0,461.45887283728916
151,2020-10-19,475.6704245020465,386.32566186240916,551.8031616234416,475.6704245020465,475.6704245020465,-5.864684727313129,-5.864684727313129,-5.864684727313129,-5.864684727313129,-5.864684727313129,-5.864684727313129,0.0,0.0,0.0,469.80573977473335
152,2020-10-20,478.0119682767008,386.3422841318287,560.3447783713516,478.0119682767008,478.0119682767008,-2.383379579216686,-2.383379579216686,-2.383379579216686,-2.383379579216686,-2.383379579216686,-2.383379579216686,0.0,0.0,0.0,475.62858869748413
153,2020-10-21,480.35351205135527,390.436075204577,559.9057710395167,480.35351205135527,480.35351205135527,-3.4943599920780204,-3.4943599920780204,-3.4943599920780204,-3.4943599920780204,-3.4943599920780204,-3.4943599920780204,0.0,0.0,0.0,476.8591520592772
154,2020-10-22,482.6950558260096,393.00207094999604,566.9443303971634,482.6950558260096,482.6950558260096,-3.8435786952993123,-3.8435786952993123,-3.8435786952993123,-3.8435786952993123,-3.8435786952993123,-3.8435786952993123,0.0,0.0,0.0,478.8514771307103
155,2020-10-23,485.03659960066415,399.8631934117742,565.2849213456066,485.03659960066415,485.03659960066415,-7.762546552056411,-7.762546552056411,-7.762546552056411,-7.762546552056411,-7.762546552056411,-7.762546552056411,0.0,0.0,0.0,477.27405304860775
156,2020-10-26,492.06123092462735,399.24537389315066,572.6879497022912,492.06123092462735,492.06123092462735,-5.864684727345969,-5.864684727345969,-5.864684727345969,-5.864684727345969,-5.864684727345969,-5.864684727345969,0.0,0.0,0.0,486.1965461972814
157,2020-10-27,494.4027746992818,403.4252989473341,579.3675932534719,494.4027746992818,494.4027746992818,-2.3833795792088943,-2.3833795792088943,-2.3833795792088943,-2.3833795792088943,-2.3833795792088943,-2.3833795792088943,0.0,0.0,0.0,492.0193951200729
158,2020-10-28,496.74431847393623,402.38223287596986,577.420666166019,496.74431847393623,496.74431847393623,-3.4943599920809816,-3.4943599920809816,-3.4943599920809816,-3.4943599920809816,-3.4943599920809816,-3.4943599920809816,0.0,0.0,0.0,493.24995848185523
159,2020-10-29,499.08586224859056,411.63189318516487,581.51282941033,499.08586224859056,499.08586224859056,-3.8435786953069826,-3.8435786953069826,-3.8435786953069826,-3.8435786953069826,-3.8435786953069826,-3.8435786953069826,0.0,0.0,0.0,495.2422835532836
160,2020-10-30,501.6160433486966,407.04246816275963,579.5294254921743,501.6160433486966,501.6160433486966,-7.762546552061042,-7.762546552061042,-7.762546552061042,-7.762546552061042,-7.762546552061042,-7.762546552061042,0.0,0.0,0.0,493.85349679663557
161,2020-11-02,509.206586649015,415.27605252855807,583.3947932951056,509.206586649015,509.206586649015,-5.864684727292769,-5.864684727292769,-5.864684727292769,-5.864684727292769,-5.864684727292769,-5.864684727292769,0.0,0.0,0.0,503.3419019217222
162,2020-11-03,511.7367677491211,426.75033981321513,596.1650573214562,511.7367677491211,511.7367677491211,-2.3833795792011023,-2.3833795792011023,-2.3833795792011023,-2.3833795792011023,-2.3833795792011023,-2.3833795792011023,0.0,0.0,0.0,509.35338816992
163,2020-11-04,514.2669488492273,423.58262249330346,600.7915794490727,514.2669488492273,514.2669488492273,-3.4943599920804074,-3.4943599920804074,-3.4943599920804074,-3.4943599920804074,-3.4943599920804074,-3.4943599920804074,0.0,0.0,0.0,510.7725888571469
164,2020-11-05,516.7971299493333,420.1668604420207,602.7043857284667,516.7971299493333,516.7971299493333,-3.8435786953058035,-3.8435786953058035,-3.8435786953058035,-3.8435786953058035,-3.8435786953058035,-3.8435786953058035,0.0,0.0,0.0,512.9535512540275
165,2020-11-06,519.3273110494395,429.31029435301775,598.0697446157476,519.3273110494395,519.3273110494395,-7.762546552030249,-7.762546552030249,-7.762546552030249,-7.762546552030249,-7.762546552030249,-7.762546552030249,0.0,0.0,0.0,511.5647644974092
166,2020-11-09,526.9178543497578,439.4259635829067,611.4450163771381,526.9178543497578,526.9178543497578,-5.864684727305694,-5.864684727305694,-5.864684727305694,-5.864684727305694,-5.864684727305694,-5.864684727305694,0.0,0.0,0.0,521.0531696224522
167,2020-11-10,529.448035449864,444.34276584317854,616.574861494859,529.448035449864,529.448035449864,-2.3833795792211356,-2.3833795792211356,-2.3833795792211356,-2.3833795792211356,-2.3833795792211356,-2.3833795792211356,0.0,0.0,0.0,527.0646558706429
168,2020-11-11,532.0550135812932,445.9466267089762,613.0721402398842,532.0550135812932,532.0550135812932,-3.4943599920816006,-3.4943599920816006,-3.4943599920816006,-3.4943599920816006,-3.4943599920816006,-3.4943599920816006,0.0,0.0,0.0,528.5606535892116
169,2020-11-12,534.6619917127224,450.4319827648355,620.0004350314176,534.6619917127224,534.6619917127224,-3.843578695304625,-3.843578695304625,-3.843578695304625,-3.843578695304625,-3.843578695304625,-3.843578695304625,0.0,0.0,0.0,530.8184130174178
170,2020-11-13,537.2689698441517,450.76557516295037,612.3263477885237,537.2689698441517,537.2689698441517,-7.762546552084719,-7.762546552084719,-7.762546552084719,-7.762546552084719,-7.762546552084719,-7.762546552084719,0.0,0.0,0.0,529.506423292067
171,2020-11-16,545.0899042384392,457.47923448596663,629.4989118581215,545.0899042384392,545.0899042384392,-5.8646847272987,-5.8646847272987,-5.8646847272987,-5.8646847272987,-5.8646847272987,-5.8646847272987,0.0,0.0,0.0,539.2252195111405
172,2020-11-17,547.6968823698685,460.24611476265534,632.5351665302547,547.6968823698685,547.6968823698685,-2.3833795792133436,-2.3833795792133436,-2.3833795792133436,-2.3833795792133436,-2.3833795792133436,-2.3833795792133436,0.0,0.0,0.0,545.3135027906551
173,2020-11-18,550.3038605012977,461.4769853707829,634.564938978516,550.3038605012977,550.3038605012977,-3.4943599920784374,-3.4943599920784374,-3.4943599920784374,-3.4943599920784374,-3.4943599920784374,-3.4943599920784374,0.0,0.0,0.0,546.8095005092192
174,2020-11-19,552.9108386327268,465.23598619959233,637.6222755163618,552.9108386327268,552.9108386327268,-3.8435786953211437,-3.8435786953211437,-3.8435786953211437,-3.8435786953211437,-3.8435786953211437,-3.8435786953211437,0.0,0.0,0.0,549.0672599374057
175,2020-11-20,555.5178167641559,464.0980431059025,637.1612991902833,555.5178167641559,555.5178167641559,-7.762546552071638,-7.762546552071638,-7.762546552071638,-7.762546552071638,-7.762546552071638,-7.762546552071638,0.0,0.0,0.0,547.7552702120843
176,2020-11-23,563.3387510992322,469.39502000319527,636.9420520023821,563.3387510992322,563.3387510992322,-5.864684727291707,-5.864684727291707,-5.864684727291707,-5.864684727291707,-5.864684727291707,-5.864684727291707,0.0,0.0,0.0,557.4740663719406
177,2020-11-24,565.9457292109242,479.5473283325352,653.0768186906762,565.9457292109242,565.9457292109242,-2.383379579217586,-2.383379579217586,-2.383379579217586,-2.383379579217586,-2.383379579217586,-2.383379579217586,0.0,0.0,0.0,563.5623496317066
178,2020-11-25,568.5527073226165,479.3161103034019,650.8594917974989,568.5527073226165,568.5527073226165,-3.4943599920796307,-3.4943599920796307,-3.4943599920796307,-3.4943599920796307,-3.4943599920796307,-3.4943599920796307,0.0,0.0,0.0,565.0583473305369
179,2020-11-27,573.7666635460006,475.1389075190124,655.331450135641,573.7666635460006,573.7666635460006,-7.762546552058555,-7.762546552058555,-7.762546552058555,-7.762546552058555,-7.762546552058555,-7.762546552058555,0.0,0.0,0.0,566.004116993942
180,2020-11-30,581.5875978810769,486.7363114015106,663.8285501742647,581.5875978810769,581.5875978810769,-5.864684727324548,-5.864684727324548,-5.864684727324548,-5.864684727324548,-5.864684727324548,-5.864684727324548,0.0,0.0,0.0,575.7229131537524
181,2020-12-01,584.194575992769,490.37136511986847,666.8751720182339,584.194575992769,584.194575992769,-2.38337957919776,-2.38337957919776,-2.38337957919776,-2.38337957919776,-2.38337957919776,-2.38337957919776,0.0,0.0,0.0,581.8111964135713
182,2020-12-02,586.801554104461,497.0076514901995,673.6379965984991,586.801554104461,586.801554104461,-3.494359992079058,-3.494359992079058,-3.494359992079058,-3.494359992079058,-3.494359992079058,-3.494359992079058,0.0,0.0,0.0,583.307194112382
183,2020-12-03,589.4085322161532,504.59202403865334,673.9805257759314,589.4085322161532,589.4085322161532,-3.843578695327636,-3.843578695327636,-3.843578695327636,-3.843578695327636,-3.843578695327636,-3.843578695327636,0.0,0.0,0.0,585.5649535208255
184,2020-12-04,592.0155102773883,501.78238885140956,667.5520798700367,592.0155102773883,592.0155102773883,-7.762546552095313,-7.762546552095313,-7.762546552095313,-7.762546552095313,-7.762546552095313,-7.762546552095313,0.0,0.0,0.0,584.2529637252931
185,2020-12-07,599.8364444610935,505.7916269701288,678.6873709168035,599.8364444610935,599.8364444610935,-5.864684727311182,-5.864684727311182,-5.864684727311182,-5.864684727311182,-5.864684727311182,-5.864684727311182,0.0,0.0,0.0,593.9717597337823
186,2020-12-08,602.4434225223288,516.8049920151566,681.24801752555,602.4434225223288,602.4434225223288,-2.383379579202003,-2.383379579202003,-2.383379579202003,-2.383379579202003,-2.383379579202003,-2.383379579202003,0.0,0.0,0.0,600.0600429431267
187,2020-12-09,605.0504005835638,510.4119994001005,687.5189267958449,605.0504005835638,605.0504005835638,-3.494359992080251,-3.494359992080251,-3.494359992080251,-3.494359992080251,-3.494359992080251,-3.494359992080251,0.0,0.0,0.0,601.5560405914836
188,2020-12-10,607.657378644799,519.7734335040354,683.9823484773972,607.657378644799,607.657378644799,-3.843578695304156,-3.843578695304156,-3.843578695304156,-3.843578695304156,-3.843578695304156,-3.843578695304156,0.0,0.0,0.0,603.8137999494949
189,2020-12-11,610.264356706034,515.2374392416261,686.9075186479162,610.264356706034,610.264356706034,-7.762546552082233,-7.762546552082233,-7.762546552082233,-7.762546552082233,-7.762546552082233,-7.762546552082233,0.0,0.0,0.0,602.5018101539519
190,2020-12-14,618.0852908897394,524.1986551440611,699.3923064093166,618.0852908897394,618.0852908897394,-5.864684727304188,-5.864684727304188,-5.864684727304188,-5.864684727304188,-5.864684727304188,-5.864684727304188,0.0,0.0,0.0,612.2206061624353
191,2020-12-15,620.6922689509745,529.5724416403312,704.6169079540296,620.6922689509745,620.6922689509745,-2.3833795792220376,-2.3833795792220376,-2.3833795792220376,-2.3833795792220376,-2.3833795792220376,-2.3833795792220376,0.0,0.0,0.0,618.3088893717525
192,2020-12-16,623.2992466155922,534.633475111552,701.9608824176977,623.2992466155922,623.2992466155922,-3.4943599920796764,-3.4943599920796764,-3.4943599920796764,-3.4943599920796764,-3.4943599920796764,-3.4943599920796764,0.0,0.0,0.0,619.8048866235125
193,2020-12-17,625.9062242802098,541.4703711350592,706.6875974037802,625.9062242802098,625.9062242802098,-3.8435786953118263,-3.8435786953118263,-3.8435786953118263,-3.8435786953118263,-3.8435786953118263,-3.8435786953118263,0.0,0.0,0.0,622.062645584898
194,2020-12-18,628.5132019448274,537.3626268414906,701.3806903636373,628.5132019448274,628.5132019448274,-7.76254655206915,-7.76254655206915,-7.76254655206915,-7.76254655206915,-7.76254655206915,-7.76254655206915,0.0,0.0,0.0,620.7506553927583
195,2020-12-21,636.3341349386803,539.0477360660548,717.0211039597511,636.3341349386803,636.3341349386803,-5.864684727297196,-5.864684727297196,-5.864684727297196,-5.864684727297196,-5.864684727297196,-5.864684727297196,0.0,0.0,0.0,630.4694502113831
196,2020-12-22,638.9411126032979,553.9322848897993,725.6154798215621,638.9411126032979,638.9411126032979,-2.3833795792142434,-2.3833795792142434,-2.3833795792142434,-2.3833795792142434,-2.3833795792142434,-2.3833795792142434,0.0,0.0,0.0,636.5577330240837
197,2020-12-23,641.5480902679155,554.212011614116,722.4441143792576,641.5480902679155,641.5480902679155,-3.4943599920826376,-3.4943599920826376,-3.4943599920826376,-3.4943599920826376,-3.4943599920826376,-3.4943599920826376,0.0,0.0,0.0,638.0537302758329
198,2020-12-24,644.155067932533,546.9634704742471,722.0379253721632,644.155067932533,644.155067932533,-3.8435786953194975,-3.8435786953194975,-3.8435786953194975,-3.8435786953194975,-3.8435786953194975,-3.8435786953194975,0.0,0.0,0.0,640.3114892372136
199,2020-12-28,654.5829785910034,565.4894456869864,730.4987106052514,654.5829785910034,654.5829785910034,-5.864684727310118,-5.864684727310118,-5.864684727310118,-5.864684727310118,-5.864684727310118,-5.864684727310118,0.0,0.0,0.0,648.7182938636934
200,2020-12-29,657.04006383239,570.5617364988728,743.7635455938145,657.04006383239,657.04006383239,-2.383379579206452,-2.383379579206452,-2.383379579206452,-2.383379579206452,-2.383379579206452,-2.383379579206452,0.0,0.0,0.0,654.6566842531836
201,2020-12-30,659.4971490737765,570.5170346341233,737.8116993532873,659.4971490737765,659.4971490737765,-3.4943599920820634,-3.4943599920820634,-3.4943599920820634,-3.4943599920820634,-3.4943599920820634,-3.4943599920820634,0.0,0.0,0.0,656.0027890816945
202,2020-12-31,661.954234315163,570.459860444087,743.317149762137,661.954234315163,661.954234315163,-3.843578695296018,-3.843578695296018,-3.843578695296018,-3.843578695296018,-3.843578695296018,-3.843578695296018,0.0,0.0,0.0,658.110655619867
203,2021-01-04,671.7825752807092,580.7123201881639,755.250299635507,671.7825752807092,671.7825752807092,-5.864684727323044,-5.864684727323044,-5.864684727323044,-5.864684727323044,-5.864684727323044,-5.864684727323044,0.0,0.0,0.0,665.9178905533862
204,2021-01-05,674.2396605220957,585.0113161223987,758.8633753374855,674.2396605220957,674.2396605220957,-2.383379579210694,-2.383379579210694,-2.383379579210694,-2.383379579210694,-2.383379579210694,-2.383379579210694,0.0,0.0,0.0,671.8562809428851
205,2021-01-06,676.6967457634823,584.15531402244,757.9723956209165,676.6967457634823,676.6967457634823,-3.4943599920788992,-3.4943599920788992,-3.4943599920788992,-3.4943599920788992,-3.4943599920788992,-3.4943599920788992,0.0,0.0,0.0,673.2023857714034
206,2021-01-07,679.1538310048688,584.5617203122227,764.7980291764832,679.1538310048688,679.1538310048688,-3.843578695294839,-3.843578695294839,-3.843578695294839,-3.843578695294839,-3.843578695294839,-3.843578695294839,0.0,0.0,0.0,675.310252309574
207,2021-01-08,681.6109162462553,577.8382912310784,755.2933931653625,681.6109162462553,681.6109162462553,-7.762546552065331,-7.762546552065331,-7.762546552065331,-7.762546552065331,-7.762546552065331,-7.762546552065331,0.0,0.0,0.0,673.84836969419
208,2021-01-11,688.982171970415,595.0938724179783,766.1752661300009,688.982171970415,688.982171970415,-5.8646847272897595,-5.8646847272897595,-5.8646847272897595,-5.8646847272897595,-5.8646847272897595,-5.8646847272897595,0.0,0.0,0.0,683.1174872431253
209,2021-01-12,691.4392572118015,604.0180417954572,773.1716293878108,691.4392572118015,691.4392572118015,-2.3833795792149366,-2.3833795792149366,-2.3833795792149366,-2.3833795792149366,-2.3833795792149366,-2.3833795792149366,0.0,0.0,0.0,689.0558776325865
210,2021-01-13,693.896342453188,605.6606742387158,774.6264731554346,693.896342453188,693.896342453188,-3.4943599920800934,-3.4943599920800934,-3.4943599920800934,-3.4943599920800934,-3.4943599920800934,-3.4943599920800934,0.0,0.0,0.0,690.4019824611079
211,2021-01-14,696.3534276945745,605.2141904424268,771.3516014824557,696.3534276945745,696.3534276945745,-3.8435786953113578,-3.8435786953113578,-3.8435786953113578,-3.8435786953113578,-3.8435786953113578,-3.8435786953113578,0.0,0.0,0.0,692.5098489992631
212,2021-01-15,698.8105129359611,600.5582442355173,774.0003353062008,698.8105129359611,698.8105129359611,-7.76254655205225,-7.76254655205225,-7.76254655205225,-7.76254655205225,-7.76254655205225,-7.76254655205225,0.0,0.0,0.0,691.0479663839088
213,2021-01-19,708.6388539015073,615.1536567292103,786.8579445742843,708.6388539015073,708.6388539015073,-2.3833795792071446,-2.3833795792071446,-2.3833795792071446,-2.3833795792071446,-2.3833795792071446,-2.3833795792071446,0.0,0.0,0.0,706.2554743223002
214,2021-01-20,711.0959391428938,621.510479987902,790.9326657384998,711.0959391428938,711.0959391428938,-3.4943599920812867,-3.4943599920812867,-3.4943599920812867,-3.4943599920812867,-3.4943599920812867,-3.4943599920812867,0.0,0.0,0.0,707.6015791508125
215,2021-01-21,713.5530243842803,627.5198871755792,796.9462353695695,713.5530243842803,713.5530243842803,-3.8435786953101796,-3.8435786953101796,-3.8435786953101796,-3.8435786953101796,-3.8435786953101796,-3.8435786953101796,0.0,0.0,0.0,709.7094456889702
216,2021-01-22,716.0101096256668,624.2353733115461,795.977582053983,716.0101096256668,716.0101096256668,-7.762546552089007,-7.762546552089007,-7.762546552089007,-7.762546552089007,-7.762546552089007,-7.762546552089007,0.0,0.0,0.0,708.2475630735778
217,2021-01-25,723.3813653498265,635.0036561917726,799.3949470158631,723.3813653498265,723.3813653498265,-5.864684727315609,-5.864684727315609,-5.864684727315609,-5.864684727315609,-5.864684727315609,-5.864684727315609,0.0,0.0,0.0,717.5166806225109
218,2021-01-26,725.8384505912129,634.617368262722,805.0984566891657,725.8384505912129,725.8384505912129,-2.3833795791993535,-2.3833795791993535,-2.3833795791993535,-2.3833795791993535,-2.3833795791993535,-2.3833795791993535,0.0,0.0,0.0,723.4550710120136
219,2021-01-27,728.2955358325996,637.0103346448986,812.8874563386016,728.2955358325996,728.2955358325996,-3.4943599920781234,-3.4943599920781234,-3.4943599920781234,-3.4943599920781234,-3.4943599920781234,-3.4943599920781234,0.0,0.0,0.0,724.8011758405215
220,2021-01-28,730.7526210739861,637.7988589132283,817.2778505189347,730.7526210739861,730.7526210739861,-3.84357869531785,-3.84357869531785,-3.84357869531785,-3.84357869531785,-3.84357869531785,-3.84357869531785,0.0,0.0,0.0,726.9090423786682
221,2021-01-29,733.2097063153726,638.2926289130643,809.1792270478261,733.2097063153726,733.2097063153726,-7.762546552093638,-7.762546552093638,-7.762546552093638,-7.762546552093638,-7.762546552093638,-7.762546552093638,0.0,0.0,0.0,725.4471597632789
222,2021-02-01,740.5809620395323,654.403147282083,820.4466454660778,740.5809620395323,740.5809620395323,-5.864684727308615,-5.864684727308615,-5.864684727308615,-5.864684727308615,-5.864684727308615,-5.864684727308615,0.0,0.0,0.0,734.7162773122237
223,2021-02-02,743.0380472809187,645.42056920917,819.7211060548913,743.0380472809187,743.0380472809187,-2.383379579219386,-2.383379579219386,-2.383379579219386,-2.383379579219386,-2.383379579219386,-2.383379579219386,0.0,0.0,0.0,740.6546677016993
224,2021-02-03,745.4951325223053,663.1994399959992,834.1000883175824,745.4951325223053,745.4951325223053,-3.4943599920793167,-3.4943599920793167,-3.4943599920793167,-3.4943599920793167,-3.4943599920793167,-3.4943599920793167,0.0,0.0,0.0,742.000772530226
225,2021-02-04,747.9522177636918,660.2702938155508,825.330241578371,747.9522177636918,747.9522177636918,-3.8435786953166713,-3.8435786953166713,-3.8435786953166713,-3.8435786953166713,-3.8435786953166713,-3.8435786953166713,0.0,0.0,0.0,744.1086390683752
226,2021-02-05,750.4093030050784,654.5755637714948,827.2364584827772,750.4093030050784,750.4093030050784,-7.762546552062843,-7.762546552062843,-7.762546552062843,-7.762546552062843,-7.762546552062843,-7.762546552062843,0.0,0.0,0.0,742.6467564530155
227,2021-02-08,757.7805587292379,664.0431710887243,834.5044330308322,757.7805587292379,757.7805587292379,-5.864684727321538,-5.864684727321538,-5.864684727321538,-5.864684727321538,-5.864684727321538,-5.864684727321538,0.0,0.0,0.0,751.9158740019163
228,2021-02-09,760.2376439706245,670.6551116973022,845.246468483961,760.2376439706245,760.2376439706245,-2.383379579223628,-2.383379579223628,-2.383379579223628,-2.383379579223628,-2.383379579223628,-2.383379579223628,0.0,0.0,0.0,757.8542643914009
229,2021-02-10,762.694729212011,675.7600405391036,842.7908979696466,762.694729212011,762.694729212011,-3.494359992078742,-3.494359992078742,-3.494359992078742,-3.494359992078742,-3.494359992078742,-3.494359992078742,0.0,0.0,0.0,759.2003692199322
230,2021-02-11,765.1518144533976,674.5975315694923,848.4115103542088,765.1518144533976,765.1518144533976,-3.8435786953243416,-3.8435786953243416,-3.8435786953243416,-3.8435786953243416,-3.8435786953243416,-3.8435786953243416,0.0,0.0,0.0,761.3082357580732
231,2021-02-12,767.6088996947841,670.3392522125217,842.8764237260069,767.6088996947841,767.6088996947841,-7.762546552067474,-7.762546552067474,-7.762546552067474,-7.762546552067474,-7.762546552067474,-7.762546552067474,0.0,0.0,0.0,759.8463531427167
232,2021-02-16,777.4372406603303,694.9724397305503,863.2871295062452,777.4372406603303,777.4372406603303,-2.3833795792038037,-2.3833795792038037,-2.3833795792038037,-2.3833795792038037,-2.3833795792038037,-2.3833795792038037,0.0,0.0,0.0,775.0538610811265
233,2021-02-17,779.8943259017168,690.8394710116412,863.2811524015435,779.8943259017168,779.8943259017168,-3.494359992081704,-3.494359992081704,-3.494359992081704,-3.494359992081704,-3.494359992081704,-3.494359992081704,0.0,0.0,0.0,776.3999659096351
234,2021-02-18,782.3514111431033,684.0584164273321,861.893839825006,782.3514111431033,782.3514111431033,-3.8435786953008626,-3.8435786953008626,-3.8435786953008626,-3.8435786953008626,-3.8435786953008626,-3.8435786953008626,0.0,0.0,0.0,778.5078324478025
235,2021-02-19,784.8084963844899,693.2607277590643,863.5427949702655,784.8084963844899,784.8084963844899,-7.762546552054393,-7.762546552054393,-7.762546552054393,-7.762546552054393,-7.762546552054393,-7.762546552054393,0.0,0.0,0.0,777.0459498324356
236,2021-02-22,792.1797521086495,698.9167109818012,876.3419431483153,792.1797521086495,792.1797521086495,-5.86468472732747,-5.86468472732747,-5.86468472732747,-5.86468472732747,-5.86468472732747,-5.86468472732747,0.0,0.0,0.0,786.315067381322
237,2021-02-23,794.636837350036,702.5516271007237,878.2900068978873,794.636837350036,794.636837350036,-2.383379579235872,-2.383379579235872,-2.383379579235872,-2.383379579235872,-2.383379579235872,-2.383379579235872,0.0,0.0,0.0,792.2534577708001
238,2021-02-24,797.0939225914226,710.9417708544726,879.1730431937531,797.0939225914226,797.0939225914226,-3.494359992081129,-3.494359992081129,-3.494359992081129,-3.494359992081129,-3.494359992081129,-3.494359992081129,0.0,0.0,0.0,793.5995625993414
239,2021-02-25,799.551007832809,711.9582742077661,881.5279459937271,799.551007832809,799.551007832809,-3.843578695308533,-3.843578695308533,-3.843578695308533,-3.843578695308533,-3.843578695308533,-3.843578695308533,0.0,0.0,0.0,795.7074291375004
240,2021-02-26,802.0080930741957,707.9490606979854,882.3890445700916,802.0080930741957,802.0080930741957,-7.762546552059024,-7.762546552059024,-7.762546552059024,-7.762546552059024,-7.762546552059024,-7.762546552059024,0.0,0.0,0.0,794.2455465221367
241,2021-03-01,809.3793487983552,708.3378640941494,885.9354761514128,809.3793487983552,809.3793487983552,-5.864684727294185,-5.864684727294185,-5.864684727294185,-5.864684727294185,-5.864684727294185,-5.864684727294185,0.0,0.0,0.0,803.514664071061
242,2021-03-02,811.8364340397418,726.3506213403824,898.0379457037491,811.8364340397418,811.8364340397418,-2.3833795792160464,-2.3833795792160464,-2.3833795792160464,-2.3833795792160464,-2.3833795792160464,-2.3833795792160464,0.0,0.0,0.0,809.4530544605258
243,2021-03-03,814.2935192811283,727.7884188783565,896.0155884702903,814.2935192811283,814.2935192811283,-3.4943599920805557,-3.4943599920805557,-3.4943599920805557,-3.4943599920805557,-3.4943599920805557,-3.4943599920805557,0.0,0.0,0.0,810.7991592890477
244,2021-03-04,816.7506045225148,729.3821255024551,899.9292857212532,816.7506045225148,816.7506045225148,-3.8435786953073547,-3.8435786953073547,-3.8435786953073547,-3.8435786953073547,-3.8435786953073547,-3.8435786953073547,0.0,0.0,0.0,812.9070258272075
245,2021-03-05,819.2076897639013,725.6405752416555,899.1715916353995,819.2076897639013,819.2076897639013,-7.762546552078069,-7.762546552078069,-7.762546552078069,-7.762546552078069,-7.762546552078069,-7.762546552078069,0.0,0.0,0.0,811.4451432118232
246,2021-03-08,826.5789454880609,735.6428350932268,904.5692920189767,826.5789454880609,826.5789454880609,-5.86468472730711,-5.86468472730711,-5.86468472730711,-5.86468472730711,-5.86468472730711,-5.86468472730711,0.0,0.0,0.0,820.7142607607537
247,2021-03-09,829.0360307294475,738.3697217069323,907.3054542665564,829.0360307294475,829.0360307294475,-2.383379579220288,-2.383379579220288,-2.383379579220288,-2.383379579220288,-2.383379579220288,-2.383379579220288,0.0,0.0,0.0,826.6526511502271
248,2021-03-10,831.4931159708341,737.6699216076031,916.4367722561005,831.4931159708341,831.4931159708341,-3.4943599920817494,-3.4943599920817494,-3.4943599920817494,-3.4943599920817494,-3.4943599920817494,-3.4943599920817494,0.0,0.0,0.0,827.9987559787523
249,2021-03-11,833.9502012122206,741.8910858482766,917.4342507742053,833.9502012122206,833.9502012122206,-3.8435786953238735,-3.8435786953238735,-3.8435786953238735,-3.8435786953238735,-3.8435786953238735,-3.8435786953238735,0.0,0.0,0.0,830.1066225168967
250,2021-03-12,836.4072864536071,739.4890071007102,908.5009475749209,836.4072864536071,836.4072864536071,-7.762546552064988,-7.762546552064988,-7.762546552064988,-7.762546552064988,-7.762546552064988,-7.762546552064988,0.0,0.0,0.0,828.644739901542
251,2021-03-13,838.8643716949937,760.58649521739,932.7869011193337,838.8643716949937,838.8643716949937,11.674274174982694,11.674274174982694,11.674274174982694,11.674274174982694,11.674274174982694,11.674274174982694,0.0,0.0,0.0,850.5386458699763
252,2021-03-14,841.3214569363801,767.597924171029,940.4159264964035,841.3214569363801,841.3214569363801,11.674275370936138,11.674275370936138,11.674275370936138,11.674275370936138,11.674275370936138,11.674275370936138,0.0,0.0,0.0,852.9957323073162
253,2021-03-15,843.7785421777667,758.3563685561066,922.4774777982304,843.7781752183253,843.7785421777667,-5.8646847273001175,-5.8646847273001175,-5.8646847273001175,-5.8646847273001175,-5.8646847273001175,-5.8646847273001175,0.0,0.0,0.0,837.9138574504666
254,2021-03-16,846.2356274191532,758.9732222894011,935.1245687704976,846.2243642344589,846.2449952447037,-2.383379579212496,-2.383379579212496,-2.383379579212496,-2.383379579212496,-2.383379579212496,-2.383379579212496,0.0,0.0,0.0,843.8522478399407
255,2021-03-17,848.6927126605398,759.9645665271511,930.6909157064606,848.6617506283064,848.7207947828783,-3.4943599920768174,-3.4943599920768174,-3.4943599920768174,-3.4943599920768174,-3.4943599920768174,-3.4943599920768174,0.0,0.0,0.0,845.1983526684629
256,2021-03-18,851.1497979019264,761.3570910569987,931.92656453566,851.0947682636366,851.1999402883251,-3.8435786953226954,-3.8435786953226954,-3.8435786953226954,-3.8435786953226954,-3.8435786953226954,-3.8435786953226954,0.0,0.0,0.0,847.3062192066037
257,2021-03-19,853.6068831433129,760.8221296991032,932.3793623977822,853.522415363089,853.6810777660551,-7.762546552051907,-7.762546552051907,-7.762546552051907,-7.762546552051907,-7.762546552051907,-7.762546552051907,0.0,0.0,0.0,845.8443365912609
258,2021-03-20,856.0639683846995,787.9201005095995,951.0463568247083,855.9474938150036,856.1638645375773,11.674274175010252,11.674274175010252,11.674274175010252,11.674274175010252,11.674274175010252,11.674274175010252,0.0,0.0,0.0,867.7382425597098
259,2021-03-21,858.5210536260859,785.391594110288,954.8571859483075,858.3640141407329,858.6570973837917,11.674275370932559,11.674275370932559,11.674275370932559,11.674275370932559,11.674275370932559,11.674275370932559,0.0,0.0,0.0,870.1953289970185
260,2021-03-22,860.9781388674725,766.5646902032086,940.1173236000865,860.768717519649,861.147441024601,-5.86468472728675,-5.86468472728675,-5.86468472728675,-5.86468472728675,-5.86468472728675,-5.86468472728675,0.0,0.0,0.0,855.1134541401857
261,2021-03-23,863.435224108859,775.4540966540542,943.175168015049,863.1918178845287,863.6357510734944,-2.3833795792047034,-2.3833795792047034,-2.3833795792047034,-2.3833795792047034,-2.3833795792047034,-2.3833795792047034,0.0,0.0,0.0,861.0518445296542
262,2021-03-24,865.8923093502453,779.5371953255094,944.5514368010386,865.6086264868628,866.1285066438712,-3.4943599920797785,-3.4943599920797785,-3.4943599920797785,-3.4943599920797785,-3.4943599920797785,-3.4943599920797785,0.0,0.0,0.0,862.3979493581655
263,2021-03-25,868.3493945916322,772.3365633108166,948.6193292871383,868.010247973987,868.6162254620625,-3.843578695321516,-3.843578695321516,-3.843578695321516,-3.843578695321516,-3.843578695321516,-3.843578695321516,0.0,0.0,0.0,864.5058158963107
264,2021-03-26,870.8064798330187,777.2033564433762,951.6358117008895,870.3999034694425,871.1163681296641,-7.762546552056538,-7.762546552056538,-7.762546552056538,-7.762546552056538,-7.762546552056538,-7.762546552056538,0.0,0.0,0.0,863.0439332809622
265,2021-03-27,873.263565074405,804.3921933867857,973.1041196773677,872.8149158909708,873.599342683182,11.674274175014746,11.674274175014746,11.674274175014746,11.674274175014746,11.674274175014746,11.674274175014746,0.0,0.0,0.0,884.9378392494198
266,2021-03-28,875.7206503157917,795.078087420645,975.4317110722493,875.1923839826293,876.1018426250788,11.67427537095474,11.67427537095474,11.67427537095474,11.67427537095474,11.67427537095474,11.67427537095474,0.0,0.0,0.0,887.3949256867464
267,2021-03-29,878.1777355571783,778.9544465096387,956.7577352785189,877.5950850723206,878.6227242992815,-5.864684727279758,-5.864684727279758,-5.864684727279758,-5.864684727279758,-5.864684727279758,-5.864684727279758,0.0,0.0,0.0,872.3130508298985
268,2021-03-30,880.6348207985648,793.9634078036902,960.4810026133862,880.0075648725742,881.1579926653769,-2.38337957919691,-2.38337957919691,-2.38337957919691,-2.38337957919691,-2.38337957919691,-2.38337957919691,0.0,0.0,0.0,878.2514412193678
269,2021-03-31,883.0919060399511,797.6480862601558,968.0043966530986,882.393151035474,883.6830466978919,-3.494359992079205,-3.494359992079205,-3.494359992079205,-3.494359992079205,-3.494359992079205,-3.494359992079205,0.0,0.0,0.0,879.5975460478719
270,2021-04-01,885.5489912813377,793.677843904642,962.5744799541893,884.7939823279584,886.1982231287286,-3.843578695329186,-3.843578695329186,-3.843578695329186,-3.843578695329186,-3.843578695329186,-3.843578695329186,0.0,0.0,0.0,881.7054125860086
271,2021-04-02,888.0060765227246,798.5360745192249,961.9587427755503,887.1802916034972,888.702279582784,-7.762546552093294,-7.762546552093294,-7.762546552093294,-7.762546552093294,-7.762546552093294,-7.762546552093294,0.0,0.0,0.0,880.2435299706312
272,2021-04-03,890.4631617641109,812.2950012896862,990.7748063959384,889.5431058930992,891.2389785667717,11.674274175019237,11.674274175019237,11.674274175019237,11.674274175019237,11.674274175019237,11.674274175019237,0.0,0.0,0.0,902.1374359391301
273,2021-04-04,892.9202470054975,823.3457318648638,986.097770603423,891.9270610265728,893.7673883466072,11.674275370975016,11.674275370975016,11.674275370975016,11.674275370975016,11.674275370975016,11.674275370975016,0.0,0.0,0.0,904.5945223764725
274,2021-04-05,895.3773322468841,808.3516694999878,977.3647467548304,894.3145785730728,896.2975978865876,-5.864684727312598,-5.864684727312598,-5.864684727312598,-5.864684727312598,-5.864684727312598,-5.864684727312598,0.0,0.0,0.0,889.5126475195715
275,2021-04-06,897.8344174882704,815.0076424041326,978.3947998308863,896.7152755232818,898.8209644163906,-2.3833795792011525,-2.3833795792011525,-2.3833795792011525,-2.3833795792011525,-2.3833795792011525,-2.3833795792011525,0.0,0.0,0.0,895.4510379090693
276,2021-04-07,900.291502729657,803.3980628740908,980.8617699136596,899.1163099654214,901.3435481078642,-3.494359992080399,-3.494359992080399,-3.494359992080399,-3.494359992080399,-3.494359992080399,-3.494359992080399,0.0,0.0,0.0,896.7971427375767
277,2021-04-08,902.7485879710435,812.4103933811717,984.5093249230108,901.4910866117151,903.8521561075461,-3.8435786953057063,-3.8435786953057063,-3.8435786953057063,-3.8435786953057063,-3.8435786953057063,-3.8435786953057063,0.0,0.0,0.0,898.9050092757378
278,2021-04-09,905.2056732124299,815.7390200623098,989.4808460629863,903.8709044576312,906.3598264947225,-7.762546552097925,-7.762546552097925,-7.762546552097925,-7.762546552097925,-7.762546552097925,-7.762546552097925,0.0,0.0,0.0,897.443126660332
279,2021-04-10,907.6627584538165,831.2620411796014,1006.2960709091099,906.2400494562396,908.8825641541822,11.67427417502373,11.67427417502373,11.67427417502373,11.67427417502373,11.67427417502373,11.67427417502373,0.0,0.0,0.0,919.3370326288402
280,2021-04-11,910.1198436952033,832.493552566523,1005.9296481460632,908.6238071310198,911.4431536683015,11.674275370947582,11.674275370947582,11.674275370947582,11.674275370947582,11.674275370947582,11.674275370947582,0.0,0.0,0.0,921.7941190661509
